<?xml version="1.0" encoding="UTF-8"?>
<!DOCTYPE AttributeServer>
<Profile Version="1.3">
    <SetupId>0</SetupId>
    <Device>nRF8001_Dx</Device>
    <Service Type="local" PrimaryService="true">
        <Name>Device Firmware Update BLE Service</Name>
        <Uuid BaseUUID="000000001212EFDE1523785FEABCD123" BaseUUIDName="Nordic DFU Base UUID">1530</Uuid>
        <Characteristic>
            <Name>DFU Packet</Name>
            <Uuid BaseUUID="000000001212EFDE1523785FEABCD123" BaseUUIDName="Nordic DFU Base UUID">1532</Uuid>
            <DefaultValue></DefaultValue>
            <UsePresentationFormat>0</UsePresentationFormat>
            <MaxDataLength>20</MaxDataLength>
            <AttributeLenType>2</AttributeLenType>
            <ForceOpen>false</ForceOpen>
            <ForceEncryption>false</ForceEncryption>
            <Properties>
                <WriteWithoutResponse>true</WriteWithoutResponse>
                <Write>false</Write>
                <Notify>false</Notify>
                <Indicate>false</Indicate>
                <Broadcast>false</Broadcast>
            </Properties>
            <SetPipe>false</SetPipe>
            <AckIsAuto>false</AckIsAuto>
            <PresentationFormatDescriptor Value="0000" Exponent="0" Format="1" NameSpace="01" Unit="0000"/>
            <PeriodForReadingThisCharacteristic>0</PeriodForReadingThisCharacteristic>
            <PeriodForProperties/>
        </Characteristic>
        <Characteristic>
            <Name>DFU Control Point</Name>
            <Uuid BaseUUID="000000001212EFDE1523785FEABCD123" BaseUUIDName="Nordic DFU Base UUID">1531</Uuid>
            <DefaultValue></DefaultValue>
            <UsePresentationFormat>0</UsePresentationFormat>
            <MaxDataLength>20</MaxDataLength>
            <AttributeLenType>2</AttributeLenType>
            <ForceOpen>false</ForceOpen>
            <ForceEncryption>false</ForceEncryption>
            <Properties>
                <WriteWithoutResponse>false</WriteWithoutResponse>
                <Write>true</Write>
                <Notify>true</Notify>
                <Indicate>false</Indicate>
                <Broadcast>false</Broadcast>
            </Properties>
            <SetPipe>false</SetPipe>
            <AckIsAuto>true</AckIsAuto>
            <PresentationFormatDescriptor Value="0000" Exponent="0" Format="1" NameSpace="01" Unit="0000"/>
            <PeriodForReadingThisCharacteristic>0</PeriodForReadingThisCharacteristic>
            <PeriodForProperties/>
        </Characteristic>
    </Service>
    <Gapsettings>
        <Name>DFU</Name>
        <DeviceNameWriteLength>0</DeviceNameWriteLength>
        <LocalPipeOnDeviceName>false</LocalPipeOnDeviceName>
        <DeviceNameShortLength>0</DeviceNameShortLength>
        <Apperance>0080</Apperance>
        <SecurityLevel>0</SecurityLevel>
        <AuthenticationReq>0</AuthenticationReq>
        <IoCapabilities>0</IoCapabilities>
        <BondTimeout>600</BondTimeout>
        <SecurityRequestDelay>10</SecurityRequestDelay>
        <MinimumKeySize>7</MinimumKeySize>
        <MaximumKeySize>16</MaximumKeySize>
        <AdvertisingDataBondedBitmap>10</AdvertisingDataBondedBitmap>
        <AdvertisingDataGeneralBitmap>1a</AdvertisingDataGeneralBitmap>
        <AdvertisingDataBrodcastBitmap>10</AdvertisingDataBrodcastBitmap>
        <AdvertisingDataBondedScanResponseBitmap>0</AdvertisingDataBondedScanResponseBitmap>
        <AdvertisingDataGeneralScanResponseBitmap>0</AdvertisingDataGeneralScanResponseBitmap>
        <AdvertisingDataBrodcastScanResponseBitmap>0</AdvertisingDataBrodcastScanResponseBitmap>
        <AdvertisingDataBondedBitmapCustom>0</AdvertisingDataBondedBitmapCustom>
        <AdvertisingDataGeneralBitmapCustom>0</AdvertisingDataGeneralBitmapCustom>
        <AdvertisingDataBrodcastBitmapCustom>0</AdvertisingDataBrodcastBitmapCustom>
        <AdvertisingDataBondedScanResponseBitmapCustom>0</AdvertisingDataBondedScanResponseBitmapCustom>
        <AdvertisingDataGeneralScanResponseBitmapCustom>0</AdvertisingDataGeneralScanResponseBitmapCustom>
        <AdvertisingDataBrodcastScanResponseBitmapCustom>0</AdvertisingDataBrodcastScanResponseBitmapCustom>
        <TxPowerLevelOffset>0</TxPowerLevelOffset>
        <MinimumConnectionInterval>10</MinimumConnectionInterval>
        <MaximumConnectionInterval>18</MaximumConnectionInterval>
        <SlaveLatency>0</SlaveLatency>
        <TimeoutMultipler>10</TimeoutMultipler>
        <AddServiceUpdateCharacteristic>true</AddServiceUpdateCharacteristic>
        <AddServiceUpdateCharacteristicPipe>true</AddServiceUpdateCharacteristicPipe>
        <TimingChangeDelay>5</TimingChangeDelay>
        <ServiceToAdvertise>
            <Uuid BaseUUID="000000001212EFDE1523785FEABCD123" BaseUUIDName="Nordic DFU Base UUID">1530</Uuid>
        </ServiceToAdvertise>
        <CustomAdTypes>
            <AdType index="1">
                <Type>19</Type>
                <Value>8000</Value>
            </AdType>
            <AdType index="2">
                <Type>18</Type>
                <Value></Value>
            </AdType>
        </CustomAdTypes>
    </Gapsettings>
    <Hardwaresettings>
        <Clocksource>1</Clocksource>
        <ClockAccuracy>1</ClockAccuracy>
        <InitialTxPower>3</InitialTxPower>
        <HfClkSource>0</HfClkSource>
        <DcDcConverter>0</DcDcConverter>
        <ActiveSignalModeIndex>0</ActiveSignalModeIndex>
        <ActiveSignalToTickDistance>0</ActiveSignalToTickDistance>
        <DynamicWindowLimitingEnabled>false</DynamicWindowLimitingEnabled>
    </Hardwaresettings>
    <CurrentInput>
        <BatteryCharge>220</BatteryCharge>
        <Master32KhzClockAccuracy>10</Master32KhzClockAccuracy>
        <ConnectionInterval>1000</ConnectionInterval>
        <PercentOfTimeSleeping>10</PercentOfTimeSleeping>
        <PercentOfTimeAdvertising>10</PercentOfTimeAdvertising>
        <AdvertisingInterval>1280</AdvertisingInterval>
    </CurrentInput>
</Profile>
